id,name,slug,icon,type,description,range,created_at,updated_at
75,"{""en-US"":""Grenade Tower"",""zh-CN"":""榴弹塔"",""ja-JP"":""榴弾タワー"",""ko-KR"":""유탄 타워"",""zh-TW"":""榴彈塔""}",battle_cannon_1,item_port_battle_cannon_1,,"{""en-US"":""ATK Rate: MEDIUM / Range: MEDIUM \nAttacks enemies by launching grenades along a ballistic trajectory. The grenades detonate above ground near enemies to deal Physical AOE DMG."",""zh-CN"":""攻击速度：中 攻击范围：中\n以抛物线发射榴弹攻击敌人，榴弹会在敌人附近地面爆炸并造成范围物理伤害。"",""ja-JP"":""攻撃速度：普通　攻撃距離：普通\n放物線を描くように榴弾を発射する。榴弾は敵付近の地面で爆発し、広範囲の物理ダメージを与える。"",""ko-KR"":""공격 속도: 중 공격 범위: 중\n포물선을 그리며 적을 향해 유탄을 발사하고, 유탄은 적 근처에서 폭발하여 범위 물리 피해를 준다."",""zh-TW"":""攻擊速度：中 攻擊範圍：中\n以拋物線發射榴彈攻擊敵人，榴彈會在敵人附近地面爆炸並造成範圍物理傷害。""}","{""depth"":2,""height"":4,""width"":2,""x"":0,""y"":0,""z"":0}",2025-11-15 00:30:44,2025-11-15 00:47:37
76,"{""en-US"":""Prologue Cannon"",""zh-CN"":""序章炮"",""ja-JP"":""翻訳不要"",""zh-TW"":""序章炮""}",battle_cannon_1_dg002,,,"{""en-US"":""DESCRIPTIONS should not appear normally"",""zh-CN"":""正常不出现介绍"",""ja-JP"":""翻訳不要"",""zh-TW"":""正常不出現介紹""}","{""depth"":5,""height"":10,""width"":5,""x"":0,""y"":0,""z"":0}",2025-11-15 00:30:44,2025-11-15 00:47:37
77,"{""en-US"":""HE Grenade Tower"",""zh-CN"":""高爆榴弹塔"",""ja-JP"":""高火力榴弾タワー"",""ko-KR"":""고폭 유탄 타워"",""zh-TW"":""高爆榴彈塔""}",battle_cannon_2,item_port_battle_cannon_2,,"{""en-US"":""ATK Rate: MEDIUM / Range: MEDIUM \nAttacks enemies by launching Mk II grenades along a ballistic trajectory. The grenades detonate above ground near enemies to deal Physical AOE DMG."",""zh-CN"":""攻击速度：中 攻击范围：中\n以抛物线发射II级榴弹攻击敌人，榴弹会在敌人附近地面爆炸并造成范围物理伤害。"",""ja-JP"":""攻撃速度：普通　攻撃距離：普通\n放物線を描くようにⅡ級榴弾を発射する。榴弾は敵付近の地面で爆発し、広範囲の物理ダメージを与える。"",""ko-KR"":""공격 속도: 중 공격 범위: 중\n포물선을 그리며 적을 향해 레벨 II 유탄을 발사하고, 유탄은 적 근처에서 폭발하여 범위 물리 피해를 준다."",""zh-TW"":""攻擊速度：中 攻擊範圍：中\n以拋物線發射II級榴彈攻擊敵人，榴彈會在敵人附近地面爆炸並造成範圍物理傷害。""}","{""depth"":2,""height"":4,""width"":2,""x"":0,""y"":0,""z"":0}",2025-11-15 00:30:44,2025-11-15 00:47:37
78,"{""en-US"":""LN Tower"",""zh-CN"":""液氮塔"",""ja-JP"":""液体窒素タワー"",""ko-KR"":""액체 질소 타워"",""zh-TW"":""液態氮塔""}",battle_frost_1,item_port_battle_frost_1,,"{""en-US"":""ATK Rate: MEDIUM / Range: MEDIUM \nFires special LN crystals that deal Cryo DMG. The rounds shatter upon impact to slow enemies in the AOE."",""zh-CN"":""攻击速度：中 攻击范围：中\n发射特殊液氮晶体，造成寒冷伤害，晶体爆裂后对范围内敌人造成减速效果。"",""ja-JP"":""攻撃速度：普通　攻撃距離：普通\n特殊な液体窒素結晶を発射し、寒冷ダメージを与える。結晶が粉砕すると、範囲内の敵を減速させる。"",""ko-KR"":""공격 속도: 중 공격 범위: 중\n적을 향해 특수 액체 질소 결정체를 발사하여 냉기 피해를 주고 결정체가 폭발하면서 범위 내의 적에게 감속 효과를 준다."",""zh-TW"":""攻擊速度：中 攻擊範圍：中\n發射特殊液態氮晶體，造成寒冷傷害，晶體爆裂後對範圍內敵人造成減速效果。""}","{""depth"":2,""height"":4,""width"":2,""x"":0,""y"":0,""z"":0}",2025-11-15 00:30:44,2025-11-15 00:47:37
79,"{""en-US"":""Beam Tower"",""zh-CN"":""射线塔"",""ja-JP"":""光線タワー"",""ko-KR"":""빔 타워"",""zh-TW"":""射線塔""}",battle_laser_1,item_port_battle_laser_1,,"{""en-US"":""ATK Rate: VERY SLOW / Range: MEDIUM \nConsumes vast amounts of energy to emit a cohesive beam of light that deals massive Physical DMG to enemies."",""zh-CN"":""攻击速度：极慢 攻击范围：中\n消耗大量充能向目标发射激光，对敌人造成高额物理伤害。"",""ja-JP"":""攻撃速度：非常に遅い　攻撃距離：普通\n大量のエネルギーを消費してレーザーを発射する。敵に高い物理ダメージを与える。"",""ko-KR"":""공격 속도: 매우 느림 공격 범위: 중\n대량의 에너지를 소모하여 적을 향해 레이저를 발사해 높은 물리 피해를 준다."",""zh-TW"":""攻擊速度：極慢 攻擊範圍：中\n消耗大量充能向目標發射鐳射，對敵人造成高額物理傷害。""}","{""depth"":2,""height"":6,""width"":2,""x"":0,""y"":0,""z"":0}",2025-11-15 00:30:44,2025-11-15 00:47:37
80,"{""en-US"":""HF Beam Tower"",""zh-CN"":""高频射线塔"",""ja-JP"":""高周波光線タワー"",""ko-KR"":""고주파 빔 타워"",""zh-TW"":""高頻射線塔""}",battle_laser_2,item_port_battle_laser_2,,"{""en-US"":""ATK Rate: VERY SLOW / Range: MEDIUM \nConsumes vast amounts of energy to emit a cohesive beam of light that deals massive Physical DMG to enemies."",""zh-CN"":""攻击速度：极慢 攻击范围：中\n消耗大量充能向目标发射强力激光，对敌人造成高额物理伤害。"",""ja-JP"":""攻撃速度：非常に遅い　攻撃距離：普通\n大量のエネルギーを消費して強力なレーザーを発射する。敵に高い物理ダメージを与える。"",""ko-KR"":""공격 속도: 매우 느림 공격 범위: 중\n대량의 에너지를 소모하여 적을 향해 강력한 레이저를 발사해 높은 물리 피해를 준다."",""zh-TW"":""攻擊速度：極慢 攻擊範圍：中\n消耗大量充能向目標發射強力鐳射，對敵人造成高額物理傷害。""}","{""depth"":2,""height"":6,""width"":2,""x"":0,""y"":0,""z"":0}",2025-11-15 00:30:44,2025-11-15 00:47:38
81,"{""en-US"":""Surge Tower"",""zh-CN"":""电涌塔"",""ja-JP"":""電流タワー"",""ko-KR"":""전류 타워"",""zh-TW"":""電湧塔""}",battle_lightning_1,item_port_battle_lightning_1,,"{""en-US"":""ATK Rate: SLOW / Range: MEDIUM \nReleases arc surges to attack enemies. The arc also chains to nearby enemies (up to 2) and deals Electric DMG."",""zh-CN"":""攻击速度：慢 攻击范围：中\n释放电能进行攻击，攻击会弹射到附近敌人（至多2次），造成电磁伤害。"",""ja-JP"":""攻撃速度：遅い　攻撃距離：普通\n電力を放出して攻撃する。近くの敵に連鎖して（最大2回）電磁ダメージを与える。"",""ko-KR"":""공격 속도: 느림 공격 범위: 중\n전기 에너지를 방출해 공격하고, 최대 2번 근처의 적에게 튕기며 전기 피해를 준다."",""zh-TW"":""攻擊速度：慢 攻擊範圍：中\n釋放電能進行攻擊，攻擊會彈射到附近敵人（至多2次），造成電磁傷害。""}","{""depth"":2,""height"":5,""width"":2,""x"":0,""y"":0,""z"":0}",2025-11-15 00:30:44,2025-11-15 00:47:38
82,"{""en-US"":""Medical Tower"",""zh-CN"":""医疗塔"",""ja-JP"":""医療タワー"",""ko-KR"":""의료 타워"",""zh-TW"":""醫療塔""}",battle_medic_1,item_port_battle_medic_1,,"{""en-US"":""Converts electrical power into healing arts that can treat injured operators nearby."",""zh-CN"":""可将充能转化为治疗量，以一定间隔治疗周围受伤的干员。"",""ja-JP"":""一定時間ごとにエネルギーを消費して、周りの負傷したオペレーターを治療することができる。"",""ko-KR"":""충전된 에너지를 치유량으로 변환시켜 일정 간격으로 주위의 부상 당한 오퍼레이터를 치료한다."",""zh-TW"":""可將充能轉化為治療量，以一定間隔治療周圍受傷的幹員。""}","{""depth"":3,""height"":4,""width"":3,""x"":0,""y"":0,""z"":0}",2025-11-15 00:30:45,2025-11-15 00:47:38
83,"{""en-US"":""Sonic Tower"",""zh-CN"":""定向声波塔"",""ja-JP"":""指向性音波タワー"",""ko-KR"":""음파 타워"",""zh-TW"":""定向聲波塔""}",battle_shockwave_1,item_port_battle_shockwave_1,,"{""en-US"":""ATK Rate: VERY SLOW / Range: SHORT \nFires a shockwave that stuns and deals Stagger DMG to enemies within the AOE."",""zh-CN"":""攻击速度：极慢 攻击范围：近\n发射一道震荡波，对范围内的敌人造成晕眩效果。"",""ja-JP"":""攻撃速度：非常に遅い　攻撃距離：近い\nパルス波を発射し、範囲内の敵にスタン効果を付与する。"",""ko-KR"":""공격 속도: 매우 느림 공격 범위: 근거리\n충격파를 발사해 범위 내의 적을 기절시킨다."",""zh-TW"":""攻擊速度：極慢 攻擊範圍：近\n發射一道震盪波，對範圍內的敵人造成暈眩效果。""}","{""depth"":2,""height"":4,""width"":2,""x"":0,""y"":0,""z"":0}",2025-11-15 00:30:45,2025-11-15 00:47:38
84,"{""en-US"":""Sentry Tower"",""zh-CN"":""哨戒塔"",""ja-JP"":""哨戒タワー"",""ko-KR"":""감시 타워"",""zh-TW"":""哨戒塔""}",battle_sniper_1,item_port_battle_sniper_1,,"{""en-US"":""ATK Rate: SLOW / Range: LONG \nAttacks high-threat enemies first and deals massive Physical DMG to them."",""zh-CN"":""攻击速度：慢 攻击范围：远\n优先锁定范围内威胁更高的敌人，对敌人造成高额物理伤害。"",""ja-JP"":""攻撃速度：遅い　攻撃距離：遠い\n範囲内の脅威度が高い敵を優先的に狙い、敵に高い物理ダメージを与える。"",""ko-KR"":""공격 속도: 느림 공격 범위: 원거리\n범위 내에서 가장 위협이 높은 적을 우선적으로 공격하여 높은 물리 피해를 준다."",""zh-TW"":""攻擊速度：慢 攻擊範圍：遠\n優先鎖定範圍內威脅更高的敵人，對敵人造成高額物理傷害。""}","{""depth"":2,""height"":4,""width"":2,""x"":0,""y"":0,""z"":0}",2025-11-15 00:30:45,2025-11-15 00:47:38
85,"{""en-US"":""Gun Tower"",""zh-CN"":""铳械塔"",""ja-JP"":""銃器タワー"",""ko-KR"":""총기 타워"",""zh-TW"":""銃械塔""}",battle_turret_1,item_port_battle_turret_1,,"{""en-US"":""ATK Rate: FAST / Range: MEDIUM \nContinuously fires energy bolts that deal Physical DMG to a single enemy."",""zh-CN"":""攻击速度：快 攻击范围：中\n持续发射能量弹，对单一敌人造成物理伤害。"",""ja-JP"":""攻撃速度：速い　攻撃距離：普通\n単体の敵にエネルギー弾を持続的に発射し、物理ダメージを与える。"",""ko-KR"":""공격 속도: 빠름 공격 범위: 중\n지속적으로 에너지 탄을 발사하여 단일 적에게 물리 피해를 준다."",""zh-TW"":""攻擊速度：快 攻擊範圍：中\n持續發射能量彈，對單一敵人造成物理傷害。""}","{""depth"":2,""height"":4,""width"":2,""x"":0,""y"":0,""z"":0}",2025-11-15 00:30:45,2025-11-15 00:47:39
86,"{""en-US"":""Heavy Gun Tower"",""zh-CN"":""扩装铳械塔"",""ja-JP"":""強襲銃器タワー"",""ko-KR"":""확장 총기 타워"",""zh-TW"":""擴裝銃械塔""}",battle_turret_2,item_port_battle_turret_2,,"{""en-US"":""ATK Rate: FAST / Range: MEDIUM \nContinuously fires Mk II energy bolts that deal Physical DMG to a single enemy."",""zh-CN"":""攻击速度：快 攻击范围：中\n持续发射II级能量弹，对单一敌人造成物理伤害。"",""ja-JP"":""攻撃速度：速い　攻撃距離：普通\n単体の敵にⅡ級エネルギー弾を持続的に発射し、物理ダメージを与える。"",""ko-KR"":""공격 속도: 빠름 공격 범위: 중\n지속적으로 레벨 II 에너지 탄을 발사하여 단일 적에게 물리 피해를 준다."",""zh-TW"":""攻擊速度：快 攻擊範圍：中\n持續發射II級能量彈，對單一敵人造成物理傷害。""}","{""depth"":2,""height"":4,""width"":2,""x"":0,""y"":0,""z"":0}",2025-11-15 00:30:45,2025-11-15 00:47:39
87,"{""en-US"":""Fitting Unit"",""zh-CN"":""配件机"",""ja-JP"":""組立機"",""ko-KR"":""부품 가공기"",""zh-TW"":""配件機""}",component_mc_1,item_port_cmpt_mc_1,,"{""en-US"":""A facility capable of processing various parts and components."",""zh-CN"":""能够加工各式零件的平台。"",""ja-JP"":""さまざまな部品を組み立てることができる機械。"",""ko-KR"":""다양한 부품을 가공할 수 있는 설비다."",""zh-TW"":""能夠加工各種零件的平台。""}","{""depth"":3,""height"":4,""width"":3,""x"":0,""y"":0,""z"":0}",2025-11-15 00:30:45,2025-11-15 00:47:39
88,"{""en-US"":""Fluid Supply Unit"",""zh-CN"":""给水器"",""ja-JP"":""排水装置"",""ko-KR"":""액체 배출 장치"",""zh-TW"":""液體供給器""}",dumper_1,item_port_dumper_1,,"{""en-US"":""A facility for dispensing fluids."",""zh-CN"":""用于供给液体的设备。"",""ja-JP"":""液体を放出する設備。"",""ko-KR"":""액체를 배출하는 설비다."",""zh-TW"":""用於供給液體的設備。""}","{""depth"":3,""height"":4,""width"":3,""x"":0,""y"":0,""z"":0}",2025-11-15 00:30:45,2025-11-15 00:47:39
89,"{""en-US"":""Fluid Supply Unit"",""zh-CN"":""给水器"",""ja-JP"":""排水装置"",""ko-KR"":""액체 배출 장치"",""zh-TW"":""液體供給器""}",dumper_nop_1,,,"{""en-US"":""A facility for dispensing fluids."",""zh-CN"":""用于供给液体的设备。"",""ja-JP"":""液体を放出する設備。"",""ko-KR"":""액체를 배출하는 설비다."",""zh-TW"":""用於供給液體的設備。""}","{""depth"":3,""height"":4,""width"":3,""x"":0,""y"":0,""z"":0}",2025-11-15 00:30:45,2025-11-15 00:47:39
90,"{""en-US"":""Filling Unit"",""zh-CN"":""灌装机"",""ja-JP"":""充填機"",""ko-KR"":""충진기"",""zh-TW"":""灌裝機""}",filling_powder_mc_1,item_port_filling_pd_mc_1,,"{""en-US"":""A facility capable of filling containers with various materials."",""zh-CN"":""能够将原料灌装到容器的设备。"",""ja-JP"":""原料を容器に充填できる機械。"",""ko-KR"":""원료를 용기에 주입할 수 있는 설비다."",""zh-TW"":""能夠將原料灌裝到容器的設備。""}","{""depth"":4,""height"":4,""width"":6,""x"":0,""y"":0,""z"":0}",2025-11-15 00:30:45,2025-11-15 00:47:40
91,"{""en-US"":""Refining Unit"",""zh-CN"":""精炼炉"",""ja-JP"":""精錬炉"",""ko-KR"":""정련로"",""zh-TW"":""精煉爐""}",furnance_1,item_port_furnance_1,,"{""en-US"":""A facility that performs high temperature smelting of various materials."",""zh-CN"":""使用高温熔炼其他材料的设备。"",""ja-JP"":""高温で材料を加工する機械。"",""ko-KR"":""고온으로 재료를 정련하는 설비다."",""zh-TW"":""使用高溫熔煉其他材料的設備。""}","{""depth"":3,""height"":4,""width"":3,""x"":0,""y"":0,""z"":0}",2025-11-15 00:30:45,2025-11-15 00:47:40
92,"{""en-US"":""Refining Unit"",""zh-CN"":""精炼炉"",""ja-JP"":""精錬炉"",""ko-KR"":""정련로"",""zh-TW"":""精煉爐""}",furnance_nop_1,item_port_furnance_1,,"{""en-US"":""A facility that performs high temperature smelting of various materials."",""zh-CN"":""使用高温熔炼其他材料的设备。"",""ja-JP"":""高温で材料を加工する機械。"",""ko-KR"":""고온으로 재료를 정련하는 설비다."",""zh-TW"":""使用高溫熔煉其他材料的設備。""}","{""depth"":3,""height"":4,""width"":3,""x"":0,""y"":0,""z"":0}",2025-11-15 00:30:45,2025-11-15 00:47:40
93,"{""en-US"":""Shredding Unit"",""zh-CN"":""粉碎机"",""ja-JP"":""粉砕機"",""ko-KR"":""분쇄기"",""zh-TW"":""粉碎機""}",grinder_1,item_port_grinder_1,,"{""en-US"":""A heavy facility that shreds and pulverizes various materials."",""zh-CN"":""能粉碎各种材料的重型设备。"",""ja-JP"":""さまざまな材料を粉砕できる機械。"",""ko-KR"":""다양한 재료를 분해할 수 있는 중형 설비다."",""zh-TW"":""能粉碎各種材料的重型設備。""}","{""depth"":3,""height"":4,""width"":3,""x"":0,""y"":0,""z"":0}",2025-11-15 00:30:46,2025-11-15 00:47:40
94,"{""en-US"":""Water Treatment Unit"",""zh-CN"":""污水处理机"",""ja-JP"":""汚水処理装置"",""ko-KR"":""오염수 처리기"",""zh-TW"":""污水處理機""}",liquid_cleaner_1,item_port_liquid_cleaner_1,,"{""en-US"":""A facility for processing Sewage."",""zh-CN"":""用于处理污水的设备。"",""ja-JP"":""汚水を処理できる装置。"",""ko-KR"":""오염수를 처리하는 설비다."",""zh-TW"":""用於處理污水的設備。""}","{""depth"":3,""height"":5,""width"":3,""x"":0,""y"":0,""z"":0}",2025-11-15 00:30:46,2025-11-15 00:47:40
95,"{""en-US"":""Fluid Tank"",""zh-CN"":""储液罐"",""ja-JP"":""液体貯蔵タンク"",""ko-KR"":""액체 저장 탱크"",""zh-TW"":""儲液罐""}",liquid_storager_1,item_port_liquid_storager_1,,"{""en-US"":""A facility for storing fluids."",""zh-CN"":""存储液体的设备。"",""ja-JP"":""液体を保存できるタンク。"",""ko-KR"":""액체를 저장하는 설비다."",""zh-TW"":""儲存液體的設備。""}","{""depth"":3,""height"":4,""width"":3,""x"":0,""y"":0,""z"":0}",2025-11-15 00:30:46,2025-11-15 00:47:40
96,"{""en-US"":""Fluid Tank"",""zh-CN"":""储液罐"",""ja-JP"":""液体貯蔵タンク"",""ko-KR"":""액체 저장 탱크"",""zh-TW"":""儲液罐""}",liquid_storager_nop_1,item_port_liquid_storager_1,,"{""en-US"":""A facility for storing fluids."",""zh-CN"":""存储液体的设备。"",""ja-JP"":""液体を保存できるタンク。"",""ko-KR"":""액체를 저장하는 설비다."",""zh-TW"":""儲存液體的設備。""}","{""depth"":3,""height"":4,""width"":3,""x"":0,""y"":0,""z"":0}",2025-11-15 00:30:46,2025-11-15 00:47:41
97,"{""en-US"":""Bus Loader"",""zh-CN"":""总线输入口"",""ja-JP"":""バス輸送口"",""ko-KR"":""버스 입력 포트"",""zh-TW"":""總線輸入口""}",loader_1,item_port_loader_1,,"{""en-US"":""A deployable loading point that delivers goods from the AIC to a local depot. The Bus Loader must be placed right next to the AIC Logistics Bus."",""zh-CN"":""可将物品运送至当地仓库的活动端口，只能贴靠集成输送总线放置。"",""ja-JP"":""アイテムを地域倉庫に輸送できる。集成輸送バスに接続して設置することができる。"",""ko-KR"":""아이템을 창고로 운송할 수 있는 입력 포트, 통합 운송 버스에 붙여야만 배치할 수 있다."",""zh-TW"":""可將物品運送至當地倉庫的移動連接口，只能貼著集成輸送總線放置。""}","{""depth"":1,""height"":3,""width"":3,""x"":0,""y"":0,""z"":0}",2025-11-15 00:30:46,2025-11-15 00:47:41
98,"{""en-US"":""Portable Originium Rig"",""zh-CN"":""便携源石矿机"",""ja-JP"":""携帯式源石採鉱機"",""ko-KR"":""휴대용 오리지늄 채굴기"",""zh-TW"":""便攜式源石礦機""}",miner_1,item_port_miner_1,,"{""en-US"":""A mining rig for digging up Originium Ore. This rig does not need to be connected to the power grid to work as it powers itself using the Originium it mines."",""zh-CN"":""用来开采源矿的机械设备，可使用源石完成自供能，不需要通电就可以运作。"",""ja-JP"":""源石鉱物の採掘に使用する機械。源石を用いて自家発電するため、電力の供給は必要ない。"",""ko-KR"":""오리지늄 광물을 채굴하는 설비로, 오리지늄으로 자체 에너지 공급이 가능하며 전력을 공급하지 않아도 작동할 수 있다."",""zh-TW"":""用來開採源礦的機械設備，可使用源石完成自動供能，不需要通電就可以運作。""}","{""depth"":3,""height"":3,""width"":3,""x"":0,""y"":0,""z"":0}",2025-11-15 00:30:46,2025-11-15 00:47:41
99,"{""en-US"":""Electric Mining Rig"",""zh-CN"":""电驱矿机"",""ja-JP"":""電動採鉱機"",""ko-KR"":""전동 채굴기"",""zh-TW"":""電驅礦機""}",miner_2,item_port_miner_2,,"{""en-US"":""Requires power. This mining rig can mine Originium Ore and Krystallite."",""zh-CN"":""在通电状态下，可以用来开采源矿、类晶石的机械设备。"",""ja-JP"":""通電中、源石鉱物や類晶石を採掘することができる機械。"",""ko-KR"":""전력 공급 상태에서 오리지늄 광물과 크리스털 라이트를 채굴할 수 있는 설비다."",""zh-TW"":""在通電狀態下，可以用來開採源礦、類晶石的機械設備。""}","{""depth"":3,""height"":5,""width"":3,""x"":0,""y"":0,""z"":0}",2025-11-15 00:30:46,2025-11-15 00:47:41
100,"{""en-US"":""Electric Mining Rig Mk II"",""zh-CN"":""二型电驱矿机"",""ja-JP"":""電動採鉱機Ⅱ"",""ko-KR"":""전동 채굴기 II"",""zh-TW"":""電驅礦機II""}",miner_3,item_port_miner_3,,"{""en-US"":""Requires power. This mining rig can mine Ferrium Ore and other minerals."",""zh-CN"":""在通电状态下，可以用来开采蓝铁矿等多种矿物的机械设备。"",""ja-JP"":""通電中、青鉄鉱物などのさまざまな鉱物を採掘することができる機械。"",""ko-KR"":""전력 공급 상태에서 페리움 광석 등 다양한 광물을 채굴할 수 있는 설비다."",""zh-TW"":""在通電狀態下，可以用來開採藍鐵礦等多種礦物的機械設備。""}","{""depth"":3,""height"":5,""width"":3,""x"":0,""y"":0,""z"":0}",2025-11-15 00:30:46,2025-11-15 00:47:42
101,"{""en-US"":""Hydro Mining Rig"",""zh-CN"":""水驱矿机"",""ja-JP"":""水力採鉱機"",""ko-KR"":""수력 채굴기"",""zh-TW"":""水驅礦機""}",miner_4,item_port_miner_4,,"{""en-US"":""A mining rig for digging up Cuprium Ore. This rig does not need power as it can be driven with Clean Water."",""zh-CN"":""用来开采赤铜矿等多种矿物的机械设备，可使用清水完成自供能，不需要通电就可以运作。"",""ja-JP"":""赤銅鉱物などさまざまな鉱物の採掘に使用する機械。真水を用いて自家発電するため、電力の供給は必要ない。"",""ko-KR"":""적동 광석 등 다양한 광물을 채굴하는 설비, 청정수로 자체 에너지를 공급할 수 있어서 전력 없이도 작동할 수 있다."",""zh-TW"":""用來開採赤銅礦等多種礦物的機械設備，可使用清水完成自供能，不需要通電就可以運作。""}","{""depth"":3,""height"":5,""width"":3,""x"":0,""y"":0,""z"":0}",2025-11-15 00:30:47,2025-11-15 00:47:42
102,"{""en-US"":""Reactor Crucible"",""zh-CN"":""反应池"",""ja-JP"":""化学反応炉"",""ko-KR"":""반응기"",""zh-TW"":""反應池""}",mix_pool_1,item_port_mix_pool_1,,"{""en-US"":""A facility for running solid or liquid-state chemical reactions."",""zh-CN"":""进行固液体化学反应的设备。"",""ja-JP"":""固体と液体の物質を化学反応させる装置。"",""ko-KR"":""고체와 액체의 화학반응을 진행하는 설비다."",""zh-TW"":""進行固液體化學反應的設備。""}","{""depth"":5,""height"":5,""width"":5,""x"":0,""y"":0,""z"":0}",2025-11-15 00:30:47,2025-11-15 00:47:42
103,"{""en-US"":""Planting Unit"",""zh-CN"":""种植机"",""ja-JP"":""栽培機"",""ko-KR"":""재배기"",""zh-TW"":""種植機""}",planter_1,item_port_planter_1,,"{""en-US"":""A cultivating silo for growing various common plants and crops."",""zh-CN"":""能够培育各类普通植物的仓形设备。"",""ja-JP"":""通常の植物を栽培することができる倉庫型の機械。"",""ko-KR"":""각종 일반 식물을 재배할 수 있는 창고형 설비다."",""zh-TW"":""能夠培育各類普通植物的艙形設備。""}","{""depth"":5,""height"":4,""width"":5,""x"":0,""y"":0,""z"":0}",2025-11-15 00:30:47,2025-11-15 00:47:43
104,"{""en-US"":""Electric Pylon"",""zh-CN"":""供电桩"",""ja-JP"":""送電スタンド"",""ko-KR"":""전력 공급기"",""zh-TW"":""供電樁""}",power_diffuser_1,item_port_power_diffuser_1,,"{""en-US"":""Once connected to the power grid, this pylon can wirelessly power all Endfield facilities within its area of effect."",""zh-CN"":""通电后可给一定范围内的终末地设备无线供电。"",""ja-JP"":""通電後、一定範囲内のエンドフィールド設備に無線で電力供給ができる。"",""ko-KR"":""전력 공급 후 일정 범위 내의 엔드필드 설비에 무선으로 전력을 공급할 수 있다."",""zh-TW"":""通電後可以無線供電給一定範圍內的終末地設備。""}","{""depth"":2,""height"":7,""width"":2,""x"":0,""y"":0,""z"":0}",2025-11-15 00:30:47,2025-11-15 00:47:43
105,"{""en-US"":""Sector Relay Tower"",""zh-CN"":""全域中继器"",""ja-JP"":""全域中継タワー"",""ko-KR"":""전역 중계기"",""zh-TW"":""全域中繼器""}",power_gate_1,,,"{""en-US"":""A special electrical relay built by Endfield Industries. This facility can transmit power to other areas."",""zh-CN"":""终末地工业特制电路中继器，常被用以跨区域搭设电力系统。"",""ja-JP"":""エンドフィールド工業特製の電気中継タワー。エリアを跨いだ電力システムを構築するために使用される。"",""ko-KR"":""엔드필드 공업에서 특수 제작한 전기 회로 중계기, 주로 다른 지역 간의 전력 시스템 배치에 사용된다."",""zh-TW"":""終末地工業特製電路中繼器，常被用以跨區域搭設電力系統。""}","{""depth"":3,""height"":4,""width"":3,""x"":0,""y"":0,""z"":0}",2025-11-15 00:30:47,2025-11-15 00:47:43
106,"{""en-US"":""Electric Pylon (NOT IN CBT2)"",""zh-CN"":""供电桩（2测废弃）"",""ja-JP"":""翻訳不要"",""ko-KR"":""전력 공급기(cbt2에서 폐기)"",""zh-TW"":""供電樁（2測廢棄）""}",power_pole_1,item_port_power_pole_1,,"{""en-US"":""This pylon can wirelessly supply electricity to all Endfield facilities within its area of effect. It also comes with a 30-meter power transmission radius."",""zh-CN"":""可给一定范围内的终末地设备无线供电，并可在30M范围内完成电力配给。"",""ja-JP"":""30メートルの範囲内のエンドフィールド設備に無線で電力供給ができる。"",""ko-KR"":""일정 범위 내의 엔드필드 설비에 무선으로 전력을 공급하고, 30미터 범위 내에서 전력을 분배할 수 있다."",""zh-TW"":""可無線供電給一定範圍內的終末地設備，並可在30m範圍內完成電力供給。""}","{""depth"":2,""height"":7,""width"":2,""x"":0,""y"":0,""z"":0}",2025-11-15 00:30:47,2025-11-15 00:47:44
107,"{""en-US"":""Relay Tower"",""zh-CN"":""中继器"",""ja-JP"":""中継タワー"",""ko-KR"":""중계기"",""zh-TW"":""中繼器""}",power_pole_2,item_port_power_pole_2,,"{""en-US"":""This relay can only be used in electric power transmission. It also comes with an 80-meter power transmission radius."",""zh-CN"":""可以在80M范围内完成电力配给的中继设备，只能进行电力传输。"",""ja-JP"":""80メートルの範囲まで電力供給ができる中継設備。電力の輸送のみ可能。"",""ko-KR"":""80M 범위 내에서 전력 배급이 가능한 설비, 전력 운송만 가능하다."",""zh-TW"":""可以在80M範圍內完成電力供給的中繼設備，只能進行電力傳輸。""}","{""depth"":3,""height"":15,""width"":3,""x"":0,""y"":0,""z"":0}",2025-11-15 00:30:47,2025-11-15 00:47:44
108,"{""en-US"":""Electric Nexus"",""zh-CN"":""供电终端"",""ja-JP"":""給電端末"",""ko-KR"":""전력 단말기"",""zh-TW"":""供電終端""}",power_port_1,item_port_power_port_1,,"{""en-US"":""An electric nexus is usually deployed at the end of a power transmission line."",""zh-CN"":""作为电路末端的终端中继器。"",""ja-JP"":""電路の末端として使用される端末中継タワー。"",""ko-KR"":""전기 회로 끝에 있는 단말 중계기다."",""zh-TW"":""作為電路末端的終端中繼器。""}","{""depth"":2,""height"":4,""width"":2,""x"":0,""y"":0,""z"":0}",2025-11-15 00:30:47,2025-11-15 00:47:44
109,"{""en-US"":""Thermal Bank"",""zh-CN"":""热能池"",""ja-JP"":""蓄熱槽"",""ko-KR"":""열에너지 뱅크"",""zh-TW"":""熱能池""}",power_station_1,item_port_power_sta_1,,"{""en-US"":""The Thermal Bank converts heat into electrical power. It must be connected to the power grid to work."",""zh-CN"":""提供电能的热能转化设备，只有接入电网才能生效。"",""ja-JP"":""電力を供給するための熱エネルギー変換装置。電力系統に接続されている場合のみ使用可能。"",""ko-KR"":""전기 에너지를 공급하는 열에너지 전환 설비로, 전력망에 연결해야만 작동한다."",""zh-TW"":""提供電能的熱能轉化設備，只有接入電網才能生效。""}","{""depth"":2,""height"":4,""width"":2,""x"":0,""y"":0,""z"":0}",2025-11-15 00:30:48,2025-11-15 00:47:44
110,"{""en-US"":""Electric Nexus (TESTING)"",""zh-CN"":""供电终端（仅测试用）"",""ja-JP"":""給電端末（テスト用）"",""ko-KR"":""전력 단말기(테스트용)"",""zh-TW"":""供電終端（僅測試用）""}",power_terminal_1,item_port_power_terminal_1,,"{""en-US"":""This relay tower serves as a source of electric power."",""zh-CN"":""作为电源的终端中继器。"",""ja-JP"":""電源として使用される端末中継タワー。"",""ko-KR"":""전원을 사용하는 단말 중계기다."",""zh-TW"":""作為電源的終端中繼器。""}","{""depth"":2,""height"":7,""width"":2,""x"":0,""y"":0,""z"":0}",2025-11-15 00:30:48,2025-11-15 00:47:45
111,"{""en-US"":""Fluid Pump"",""zh-CN"":""水泵"",""ja-JP"":""液体ポンプ"",""ko-KR"":""양수기"",""zh-TW"":""水泵""}",pump_1,item_port_pump_1,,"{""en-US"":""A facility for pumping bulk fluids."",""zh-CN"":""用于抽取液体的设备。"",""ja-JP"":""液体を汲み上げる設備。"",""ko-KR"":""액체를 뽑아내는 설비다."",""zh-TW"":""用於抽取液體的設備。""}","{""depth"":3,""height"":5,""width"":3,""x"":0,""y"":0,""z"":0}",2025-11-15 00:30:48,2025-11-15 00:47:45
112,"{""en-US"":""Seed-Picking Unit"",""zh-CN"":""采种机"",""ja-JP"":""採種機"",""ko-KR"":""씨앗 추출기"",""zh-TW"":""採種機""}",seedcollector_1,item_port_seedcol_1,,"{""en-US"":""A facility that extracts seeds from common crops."",""zh-CN"":""能够采集普通植物种子的设备。"",""ja-JP"":""普通の植物の種を採種することができる機械。"",""ko-KR"":""일반 식물의 씨앗을 채집할 수 있는 설비다."",""zh-TW"":""能夠採集普通植物種子的設備。""}","{""depth"":5,""height"":4,""width"":5,""x"":0,""y"":0,""z"":0}",2025-11-15 00:30:48,2025-11-15 00:47:45
113,"{""en-US"":""Moulding Unit"",""zh-CN"":""塑形机"",""ja-JP"":""塑形機"",""ko-KR"":""성형기"",""zh-TW"":""塑形機""}",shaper_1,item_port_shaper_1,,"{""en-US"":""A facility that produces various containers via stamp moulding."",""zh-CN"":""能够冲压各种容器的设备。"",""ja-JP"":""さまざまな容器をプレス加工できる機械。"",""ko-KR"":""각종 용기에 압력을 가하여 모양을 변형할 수 있는 설비다."",""zh-TW"":""能夠衝壓各種容器的設備。""}","{""depth"":3,""height"":4,""width"":3,""x"":0,""y"":0,""z"":0}",2025-11-15 00:30:48,2025-11-15 00:47:45
114,"{""en-US"":""TEST_Dry Plot"",""zh-CN"":""测试_旱田"",""ja-JP"":""試験用陸田"",""ko-KR"":""테스트_마른 논"",""zh-TW"":""測試_旱田""}",soil_1,,,"{""en-US"":""To use this plot, follow the steps of fine cultivation and harvest the ripened crops to get plenty of Test Crop 1."",""zh-CN"":""此田块上按步骤进行精细种植，收获后可获得大量实验产物1。"",""ja-JP"":""この栽培用地で手順に従って栽培すると、収穫後に大量の実験産物1を入手できる。"",""ko-KR"":""해당 논배미에서 단계별로 정밀 재배를 진행하면, 실험 산물 1을 대량으로 수확할 수 있다."",""zh-TW"":""此田塊上按步驟進行精細種植，收穫後可獲得大量實驗產物1。""}","{""depth"":4,""height"":1,""width"":4,""x"":0,""y"":0,""z"":0}",2025-11-15 00:30:48,2025-11-15 00:47:46
115,"{""en-US"":""TEST_Wet Plot"",""zh-CN"":""测试_水田"",""ja-JP"":""試験用水田"",""ko-KR"":""테스트_무논"",""zh-TW"":""測試_水田""}",soil_2,,,"{""en-US"":""To use this plot, follow the steps of fine cultivation and harvest the ripened crops to get plenty of Test Crop 2."",""zh-CN"":""此田块上按步骤进行精细种植，收获后可获得大量实验产物2。"",""ja-JP"":""この栽培用地で手順に従って栽培すると、収穫後に大量の実験産物2を入手できる。"",""ko-KR"":""해당 논배미에서 단계별로 정밀 재배를 진행하면, 실험 산물 2를 대량으로 수확할 수 있다."",""zh-TW"":""此田塊上按步驟進行精細種植，收穫後可獲得大量實驗產物2。""}","{""depth"":4,""height"":1,""width"":4,""x"":0,""y"":0,""z"":0}",2025-11-15 00:30:48,2025-11-15 00:47:46
116,"{""en-US"":""Aketine Plot"",""zh-CN"":""酮化灌木田块"",""ja-JP"":""アケトン樹木の栽培用地"",""ko-KR"":""아케톤 논배미"",""zh-TW"":""酮化灌木田塊""}",soil_bbflower_1,item_port_soil_bbflower_1,,"{""en-US"":""To use this plot, follow the steps of fine cultivation and harvest the ripened crops to get plenty of Aketine."",""zh-CN"":""此田块上按步骤进行精细种植，收获后可获得大量酮化灌木。"",""ja-JP"":""この栽培用地で手順に従って栽培すると、収穫後に大量のアケトン樹木を入手できる。"",""ko-KR"":""해당 논배미에서 단계별로 정밀 재배를 진행하면, 아케톤을 대량으로 수확할 수 있다."",""zh-TW"":""此田塊上按步驟進行精細種植，收穫後可獲得大量酮化灌木。""}","{""depth"":4,""height"":1,""width"":4,""x"":0,""y"":0,""z"":0}",2025-11-15 00:30:48,2025-11-15 00:47:46
117,"{""en-US"":""Jincao Plot"",""zh-CN"":""锦草田块"",""ja-JP"":""錦草の栽培用地"",""ko-KR"":""금초 논배미"",""zh-TW"":""錦草田塊""}",soil_grass_1,item_port_soil_grass_1,,"{""en-US"":""To use this plot, follow the steps of fine cultivation and harvest the ripened crops to get plenty of Jincao and a higher chance of Fluffed Jincao."",""zh-CN"":""此田块上按步骤进行精细种植，收获后可获得大量锦草，有较高概率额外获得蓬茸锦草。"",""ja-JP"":""この栽培用地で手順に従って栽培すると、大量の錦草が収穫でき、高い確率で毛羽錦草を入手できる。"",""ko-KR"":""해당 논배미에서 단계별로 정밀 재배를 진행하면 금초를 대량으로 수확할 수 있으며 비교적 높은 확률로 우거진 금초를 추가로 수확할 수 있다."",""zh-TW"":""此田塊上按步驟進行精細種植，收穫後可獲得大量錦草，有較高機率額外獲得蓬茸錦草。""}","{""depth"":4,""height"":1,""width"":4,""x"":0,""y"":0,""z"":0}",2025-11-15 00:30:49,2025-11-15 00:47:46
118,"{""en-US"":""Yazhen Plot"",""zh-CN"":""芽针田块"",""ja-JP"":""芽針の栽培用地"",""ko-KR"":""야침 논배미"",""zh-TW"":""芽針田塊""}",soil_grass_2,item_port_soil_grass_2,,"{""en-US"":""To use this plot, follow the steps of fine cultivation and harvest the ripened crops to get plenty of Yazhen and a higher chance of Thorny Yazhen."",""zh-CN"":""此田块上按步骤进行精细种植，收获后可获得大量芽针，有较高概率额外获得荆刺芽针。"",""ja-JP"":""この栽培用地で手順に従って栽培すると、大量の芽針が収穫でき、高い確率で茨芽針を入手できる。"",""ko-KR"":""해당 논배미에서 단계별로 정밀 재배를 진행하면 야침을 대량으로 수확할 수 있으며 비교적 높은 확률로 가시 야침을 추가로 수확할 수 있다."",""zh-TW"":""此田塊上按步驟進行精細種植，收穫後可獲得大量芽針，有較高機率額外獲得荊刺芽針。""}","{""depth"":4,""height"":1,""width"":4,""x"":0,""y"":0,""z"":0}",2025-11-15 00:30:49,2025-11-15 00:47:47
119,"{""en-US"":""Jincao Plot (SIM)"",""zh-CN"":""模拟锦草田块"",""ja-JP"":""錦草の模擬栽培用地"",""ko-KR"":""시뮬레이션 금초 논배미"",""zh-TW"":""模擬錦草田塊""}",soil_grass_fast_1,item_port_soil_grass_1,,"{""en-US"":""A simulated farm plot with faster growth rate than its real counterpart. To use this plot, follow the steps of fine cultivation and harvest the ripened crops to get plenty of Jincao."",""zh-CN"":""模拟空间内专用田块，生长速度远快于正常田块。此田块上按步骤进行精细种植，收获后可获得大量锦草。"",""ja-JP"":""通常より成長速度が大幅に上回る、模擬空間専用の栽培用地。この栽培用地で手順に従って栽培すると、大量の錦草を収穫できる。"",""ko-KR"":""시뮬레이션 공간 전용 논배미로, 성장 속도가 일반 논배미보다 훨씬 빠르다. 해당 논배미에서 단계별로 정밀 재배를 진행하면, 금초를 대량으로 수확할 수 있다."",""zh-TW"":""模擬空間內專用田塊，生長速度遠快於正常田塊。此田塊上按步驟進行精細種植，收穫後可獲得大量錦草。""}","{""depth"":4,""height"":1,""width"":4,""x"":0,""y"":0,""z"":0}",2025-11-15 00:30:49,2025-11-15 00:47:47
120,"{""en-US"":""Yazhen Plot (SIM)"",""zh-CN"":""模拟芽针田块"",""ja-JP"":""芽針の模擬栽培用地"",""ko-KR"":""시뮬레이션 야침 논배미"",""zh-TW"":""模擬芽針田塊""}",soil_grass_fast_2,item_port_soil_grass_2,,"{""en-US"":""A simulated farm plot with faster growth rate than its real counterpart. To use this plot, follow the steps of fine cultivation and harvest the ripened crops to get plenty of Yazhen."",""zh-CN"":""模拟空间内专用田块，生长速度远快于正常田块。此田块上按步骤进行精细种植，收获后可获得大量芽针。"",""ja-JP"":""通常より成長速度が大幅に上回る、模擬空間専用の栽培用地。この栽培用地で手順に従って栽培すると、大量の芽針を収穫できる。"",""ko-KR"":""시뮬레이션 공간 전용 논배미로, 성장 속도가 일반 논배미보다 훨씬 빠르다. 해당 논배미에서 단계별로 정밀 재배를 진행하면, 야침을 대량으로 수확할 수 있다."",""zh-TW"":""模擬空間內專用田塊，生長速度遠快於正常田塊。此田塊上按步驟進行精細種植，收穫後可獲得大量芽針。""}","{""depth"":4,""height"":1,""width"":4,""x"":0,""y"":0,""z"":0}",2025-11-15 00:30:49,2025-11-15 00:47:47
121,"{""en-US"":""Buckflower Plot"",""zh-CN"":""荞花田块"",""ja-JP"":""蕎花の栽培用地"",""ko-KR"":""앵초 논배미"",""zh-TW"":""蕎花田塊""}",soil_moss_1,item_port_soil_moss_1,,"{""en-US"":""To use this plot, follow the steps of fine cultivation and harvest the ripened crops to get plenty of Buckflowers and a higher chance of Firebuckle."",""zh-CN"":""此田块上按步骤进行精细种植，收获后可获得大量荞花，有较高概率额外获得映火荞花。"",""ja-JP"":""この栽培用地で手順に従って栽培すると、大量の蕎花が収穫でき、高い確率で火映蕎花を入手できる。"",""ko-KR"":""해당 논배미에서 단계별로 정밀 재배를 진행하면 앵초를 대량으로 수확할 수 있으며 비교적 높은 확률로 파이어 앵초를 추가로 수확할 수 있습니다."",""zh-TW"":""此田塊上按步驟進行精細種植，收穫後可獲得大量蕎花，有較高機率額外獲得映火蕎花。""}","{""depth"":4,""height"":1,""width"":4,""x"":0,""y"":0,""z"":0}",2025-11-15 00:30:49,2025-11-15 00:47:47
122,"{""en-US"":""Citrome Plot"",""zh-CN"":""柑实田块"",""ja-JP"":""シトロームの栽培用地"",""ko-KR"":""시트롬 논배미"",""zh-TW"":""柑實田塊""}",soil_moss_2,item_port_soil_moss_2,,"{""en-US"":""To use this plot, follow the steps of fine cultivation and harvest the ripened crops to get plenty of Citromes and a higher chance of Umbraline."",""zh-CN"":""此田块上按步骤进行精细种植，收获后可获得大量柑实，有较高概率额外获得黯银柑实。"",""ja-JP"":""この栽培用地で手順に従って栽培すると、大量のシトロームが収穫でき、高い確率で黒銀シトロームを入手できる。"",""ko-KR"":""해당 논배미에서 단계별로 정밀 재배를 진행하면 시트롬을 대량으로 수확할 수 있으며 비교적 높은 확률로 다크 시트롬을 추가로 수확할 수 있습니다."",""zh-TW"":""此田塊上按步驟進行精細種植，收穫後可獲得大量柑實，有較高機率額外獲得黯銀柑實。""}","{""depth"":4,""height"":1,""width"":4,""x"":0,""y"":0,""z"":0}",2025-11-15 00:30:49,2025-11-15 00:47:47
123,"{""en-US"":""Sandleaf Plot"",""zh-CN"":""砂叶田块"",""ja-JP"":""サンドリーフの栽培用地"",""ko-KR"":""샌드리프 논배미"",""zh-TW"":""砂葉田塊""}",soil_moss_3,item_port_soil_moss_3,,"{""en-US"":""To use this plot, follow the steps of fine cultivation and harvest the ripened crops to get plenty of Sandleaves."",""zh-CN"":""此田块上按步骤进行精细种植，收获后可获得大量砂叶。"",""ja-JP"":""この栽培用地で手順に従って栽培すると、収穫後に大量のサンドリーフを入手できる。"",""ko-KR"":""해당 논배미에서 단계별로 정밀 재배를 진행하면, 샌드리프를 대량으로 수확할 수 있다."",""zh-TW"":""此田塊上按步驟進行精細種植，收穫後可獲得大量砂葉。""}","{""depth"":4,""height"":1,""width"":4,""x"":0,""y"":0,""z"":0}",2025-11-15 00:30:49,2025-11-15 00:47:47
124,"{""en-US"":""Reed Rye Plot"",""zh-CN"":""灰芦麦田块"",""ja-JP"":""灰麦の栽培用地"",""ko-KR"":""회보리 논배미"",""zh-TW"":""灰蘆麥田塊""}",soil_sp_1,item_port_soil_sp_1,,"{""en-US"":""To use this plot, follow the steps of fine cultivation and harvest the ripened crops to get plenty of Reed Rye."",""zh-CN"":""此田块上按步骤进行精细种植，收获后可获得大量灰芦麦。"",""ja-JP"":""この栽培用地で手順に従って栽培すると、収穫後に大量の灰麦を入手できる。"",""ko-KR"":""해당 논배미에서 단계별로 정밀 재배를 진행하면, 회보리를 대량으로 수확할 수 있다."",""zh-TW"":""此田塊上按步驟進行精細種植，收穫後可獲得大量灰蘆麥。""}","{""depth"":4,""height"":1,""width"":4,""x"":0,""y"":0,""z"":0}",2025-11-15 00:30:49,2025-11-15 00:47:47
125,"{""en-US"":""Tartpepper Plot"",""zh-CN"":""苦叶椒田块"",""ja-JP"":""苦葉椒の栽培用地"",""ko-KR"":""쓴 맛 나는 고추 논배미"",""zh-TW"":""苦葉椒田塊""}",soil_sp_2,item_port_soil_sp_2,,"{""en-US"":""To use this plot, follow the steps of fine cultivation and harvest the ripened crops to get plenty of Tartpeppers."",""zh-CN"":""此田块上按步骤进行精细种植，收获后可获得大量苦叶椒。"",""ja-JP"":""この栽培用地で手順に従って栽培すると、収穫後に大量の苦葉椒を入手できる。"",""ko-KR"":""해당 논배미에서 단계별로 정밀 재배를 진행하면, 쓴 맛 나는 고추를 대량으로 수확할 수 있다."",""zh-TW"":""此田塊上按步驟進行精細種植，收穫後可獲得大量苦葉椒。""}","{""depth"":4,""height"":1,""width"":4,""x"":0,""y"":0,""z"":0}",2025-11-15 00:30:49,2025-11-15 00:47:48
126,"{""en-US"":""Redjade Ginseng Plot"",""zh-CN"":""琼叶参田块"",""ja-JP"":""玉葉人参の栽培用地"",""ko-KR"":""붉은 제이드 인삼 논배미"",""zh-TW"":""瓊葉蔘田塊""}",soil_sp_3,item_port_soil_sp_3,,"{""en-US"":""To use this plot, follow the steps of fine cultivation and harvest the ripened crops to get plenty of Redjade Ginseng."",""zh-CN"":""此田块上按步骤进行精细种植，收获后可获得大量琼叶参。"",""ja-JP"":""この栽培用地で手順に従って栽培すると、収穫後に大量の玉葉人参を入手できる。"",""ko-KR"":""해당 논배미에서 단계별로 정밀 재배를 진행하면, 붉은 제이드 인삼을 대량으로 수확할 수 있다."",""zh-TW"":""此田塊上按步驟進行精細種植，收穫後可獲得大量瓊葉蔘。""}","{""depth"":4,""height"":1,""width"":4,""x"":0,""y"":0,""z"":0}",2025-11-15 00:30:49,2025-11-15 00:47:48
127,"{""en-US"":""Amber Rice Plot"",""zh-CN"":""金石稻田块"",""ja-JP"":""金石稲の栽培用地"",""ko-KR"":""금석벼 논배미"",""zh-TW"":""金石稻田塊""}",soil_sp_4,item_port_soil_sp_4,,"{""en-US"":""To use this plot, follow the steps of fine cultivation and harvest the ripened crops to get plenty of Amber Rice."",""zh-CN"":""此田块上按步骤进行精细种植，收获后可获得大量金石稻。"",""ja-JP"":""この栽培用地で手順に従って栽培すると、収穫後に大量の金石稲を入手できる。"",""ko-KR"":""해당 논배미에서 단계별로 정밀 재배를 진행하면, 금석벼를 대량으로 수확할 수 있다."",""zh-TW"":""此田塊上按步驟進行精細種植，收穫後可獲得大量金石稻。""}","{""depth"":4,""height"":1,""width"":4,""x"":0,""y"":0,""z"":0}",2025-11-15 00:30:49,2025-11-15 00:47:48
128,"{""en-US"":""Redjade Ginseng Plot (SIM)"",""zh-CN"":""模拟琼叶参田块"",""ja-JP"":""玉葉人参の模擬栽培用地"",""ko-KR"":""시뮬레이션 붉은 제이드 인삼 논배미"",""zh-TW"":""模擬瓊葉蔘田塊""}",soil_sp_fast_3,item_port_soil_sp_3,,"{""en-US"":""A simulated farm plot with faster growth rate than its real counterpart. To use this plot, follow the steps of fine cultivation and harvest the ripened crops to get plenty of Redjade Ginseng."",""zh-CN"":""模拟空间内专用田块，生长速度远快于正常田块。此田块上按步骤进行精细种植，收获后可获得大量琼叶参。"",""ja-JP"":""通常より成長速度が大幅に上回る、模擬空間専用の栽培用地。この栽培用地で手順に従って栽培すると、大量の玉葉人参を収穫できる。"",""ko-KR"":""시뮬레이션 공간 전용 논배미로, 성장 속도가 일반 논배미보다 훨씬 빠르다. 해당 논배미에서 단계별로 정밀 재배를 진행하면, 붉은 제이드 인삼을 대량으로 수확할 수 있다."",""zh-TW"":""模擬空間內專用田塊，生長速度遠快於正常田塊。此田塊上按步驟進行精細種植，收穫後可獲得大量瓊葉蔘。""}","{""depth"":4,""height"":1,""width"":4,""x"":0,""y"":0,""z"":0}",2025-11-15 00:30:49,2025-11-15 00:47:48
129,"{""en-US"":""Amber Rice Plot (SIM)"",""zh-CN"":""模拟金石稻田块"",""ja-JP"":""金石稲の模擬栽培用地"",""ko-KR"":""시뮬레이션 금석벼 논배미"",""zh-TW"":""模擬金石稻田塊""}",soil_sp_fast_4,item_port_soil_sp_4,,"{""en-US"":""A simulated farm plot with faster growth rate than its real counterpart. To use this plot, follow the steps of fine cultivation and harvest the ripened crops to get plenty of Amber Rice."",""zh-CN"":""模拟空间内专用田块，生长速度远快于正常田块。此田块上按步骤进行精细种植，收获后可获得大量金石稻。"",""ja-JP"":""通常より成長速度が大幅に上回る、模擬空間専用の栽培用地。この栽培用地で手順に従って栽培すると、大量の金石稲を収穫できる。"",""ko-KR"":""시뮬레이션 공간 전용 논배미로, 성장 속도가 일반 논배미보다 훨씬 빠르다. 해당 논배미에서 단계별로 정밀 재배를 진행하면, 금석벼를 대량으로 수확할 수 있다."",""zh-TW"":""模擬空間內專用田塊，生長速度遠快於正常田塊。此田塊上按步驟進行精細種植，收穫後可獲得大量金石稻。""}","{""depth"":4,""height"":1,""width"":4,""x"":0,""y"":0,""z"":0}",2025-11-15 00:30:49,2025-11-15 00:47:49
130,"{""en-US"":""PAC"",""zh-CN"":""协议核心"",""ja-JP"":""協約核心"",""ko-KR"":""프로토콜 앵커-코어"",""zh-TW"":""協議核心""}",sp_hub_1,item_port_sp_hub_1,,"{""en-US"":""The core of the Endfield AIC technology. It serves as the nexus of the AIC and its power grid."",""zh-CN"":""终末地的技术核心，一种大型能量利用设备组。"",""ja-JP"":""エンドフィールドの技術の核心。エネルギーを利用するための大型複合設備。"",""ko-KR"":""엔드필드의 핵심 기술, 일종의 대형 에너지 활용 설비 세트다."",""zh-TW"":""終末地的技術核心，一種大型能量利用設備組。""}","{""depth"":9,""height"":10,""width"":9,""x"":0,""y"":0,""z"":0}",2025-11-15 00:30:49,2025-11-15 00:47:49
131,"{""en-US"":""Manufacturing Station"",""zh-CN"":""制造站"",""ja-JP"":""製造室"",""ko-KR"":""제작소"",""zh-TW"":""製造站""}",sp_mfg_sta_1,item_port_sp_mfg_sta_1,,"{""en-US"":""A workstation that manufactures items related to the Originium Arts. The manufacturing process will take a while."",""zh-CN"":""用来消耗一定时间以产出源石技术相关物品的站点。"",""ja-JP"":""一定時間かけて源石技術関連のアイテムを製造できる場所。"",""ko-KR"":""일정 시간을 소모하여 오리지늄 기술 관련 아이템을 생산하는 장소다."",""zh-TW"":""用來消耗一定時間以產出源石技術相關物品的站點。""}","{""depth"":4,""height"":4,""width"":6,""x"":0,""y"":0,""z"":0}",2025-11-15 00:30:49,2025-11-15 00:47:49
132,"{""en-US"":""Assembly Station"",""zh-CN"":""装配站"",""ja-JP"":""組立所"",""ko-KR"":""정비소"",""zh-TW"":""裝配站""}",sp_proc_sta_1,item_port_sp_proc_sta_1,,"{""en-US"":""A workstation that can instantly assemble certain products."",""zh-CN"":""用来瞬间装配相关物品的站点。"",""ja-JP"":""関連アイテムを瞬時に組み立てることができる場所。"",""ko-KR"":""관련 아이템을 바로 조립할 수 있는 장소다."",""zh-TW"":""用來瞬間裝配相關物品的站點。""}","{""depth"":4,""height"":4,""width"":6,""x"":0,""y"":0,""z"":0}",2025-11-15 00:30:49,2025-11-15 00:47:49
133,"{""en-US"":""Recycling Station"",""zh-CN"":""回收站"",""ja-JP"":""回収所"",""ko-KR"":""재활용센터"",""zh-TW"":""回收站""}",sp_rec_sta_1,item_port_sp_rec_sta_1,,"{""en-US"":""A workstation that can recycle certain materials."",""zh-CN"":""用来回收材料的站点。"",""ja-JP"":""材料をリサイクルするための場所。"",""ko-KR"":""재료를 수거하는 장소다."",""zh-TW"":""用來回收材料的站點。""}","{""depth"":4,""height"":4,""width"":6,""x"":0,""y"":0,""z"":0}",2025-11-15 00:30:49,2025-11-15 00:47:49
134,"{""en-US"":""Sub-PAC"",""zh-CN"":""次级核心"",""ja-JP"":""サブ協約核心"",""ko-KR"":""서브 코어"",""zh-TW"":""次級核心""}",sp_sub_hub_1,item_port_sp_sub_hub_1,,"{""en-US"":""A smaller version of the Endfield technological nexus. It works like the original PAC."",""zh-CN"":""终末地技术核心的子版本，与母版本基本一致。"",""ja-JP"":""エンドフィールドの協約核心のサブバージョン。協約核心と基本的に同じ。"",""ko-KR"":""엔드필드 핵심 기술의 하위 버전, 원래 버전과 큰 차이가 없다."",""zh-TW"":""終末地技術核心的子版本，與母版本基本上一致。""}","{""depth"":9,""height"":10,""width"":9,""x"":0,""y"":0,""z"":0}",2025-11-15 00:30:49,2025-11-15 00:47:50
135,"{""en-US"":""Trading Station"",""zh-CN"":""贸易站"",""ja-JP"":""貿易所"",""ko-KR"":""무역소"",""zh-TW"":""貿易站""}",sp_trd_sta_1,item_port_sp_trd_sta_1,,"{""en-US"":""The Trading Station lets you trade with other factions."",""zh-CN"":""用来与其他势力贸易的站点。"",""ja-JP"":""他の勢力と貿易を行うための場所。"",""ko-KR"":""다른 세력과의 거래를 진행하는 장소다."",""zh-TW"":""用來與其他勢力貿易的站點。""}","{""depth"":4,""height"":4,""width"":6,""x"":0,""y"":0,""z"":0}",2025-11-15 00:30:49,2025-11-15 00:47:50
136,"{""en-US"":""Construction Terminal"",""zh-CN"":""总装终端"",""ja-JP"":""製造ターミナル"",""ko-KR"":""제조 터미널"",""zh-TW"":""總裝終端""}",sp_workshop_1,item_port_sp_workshop_1,,"{""en-US"":""The Construction Terminal (CON-Term) is a workstation that lets you construct various AIC facilities for the Automated Industry Complex (AIC; also known as the Factory)."",""zh-CN"":""用来总装集成化工业系统所需设备的站点。"",""ja-JP"":""集成工業システムに必要な設備を組み立てるための場所。"",""ko-KR"":""통합 공업 시스템에 필요한 설비를 설치하는 장소다."",""zh-TW"":""用來總裝集成化工業系統所需設備的站點。""}","{""depth"":4,""height"":4,""width"":4,""x"":0,""y"":0,""z"":0}",2025-11-15 00:30:49,2025-11-15 00:47:50
137,"{""en-US"":""Sprinkler"",""zh-CN"":""洒水机"",""ja-JP"":""スプリンクラー"",""ko-KR"":""스프링클러"",""zh-TW"":""灑水機""}",squirter_1,item_port_squirter_1,,"{""en-US"":""A facility that sprays fluids in a fixed direction."",""zh-CN"":""向固定位置喷洒液体的设备。"",""ja-JP"":""固定位置に液体を散布する設備。"",""ko-KR"":""고정된 위치로 액체를 뿌리는 설비다."",""zh-TW"":""向固定位置噴灑液體的設備。""}","{""depth"":3,""height"":4,""width"":3,""x"":0,""y"":0,""z"":0}",2025-11-15 00:30:49,2025-11-15 00:47:50
138,"{""en-US"":""Sprinkler"",""zh-CN"":""洒水机"",""ja-JP"":""スプリンクラー"",""ko-KR"":""스프링클러"",""zh-TW"":""灑水機""}",squirter_nop_1,item_port_squirter_1,,"{""en-US"":""A facility that sprays fluids in a fixed direction."",""zh-CN"":""向固定位置喷洒液体的设备。"",""ja-JP"":""固定位置に液体を散布する設備。"",""ko-KR"":""고정된 위치로 액체를 뿌리는 설비다."",""zh-TW"":""向固定位置噴灑液體的設備。""}","{""depth"":3,""height"":4,""width"":3,""x"":0,""y"":0,""z"":0}",2025-11-15 00:30:50,2025-11-15 00:47:51
139,"{""en-US"":""Protocol Stash"",""zh-CN"":""协议储存箱"",""ja-JP"":""協約貯蔵箱"",""ko-KR"":""프로토콜 저장함"",""zh-TW"":""協議儲存箱""}",storager_1,item_port_storager_1,,"{""en-US"":""A storage facility with several item storage slots. When powered, it can transfer items to the Depot. It can also be used as a point to unload items in the AIC."",""zh-CN"":""拥有数个格子的储物设备，在通电状态下可将其中物品转移至仓库，也可作为物品输出端直接用于工厂内部。"",""ja-JP"":""複数のアイテムを保管できる設備。通電中は、アイテムを倉庫に転送することができる。さらに、直接アイテムを工場へと輸出し、工場内で使用することができる。"",""ko-KR"":""여러 개 칸을 가진 저장 설비로, 전력 공급 상태에서 아이템을 창고로 옮기거나 공장 내부에서 직접 사용할 수 있는 출력 단말기로 활용할 수 있다."",""zh-TW"":""擁有數個格子的儲物設備，在通電狀態下可將其中物品轉移至倉庫，也可作為物品輸出端直接用於工廠內部。""}","{""depth"":3,""height"":4,""width"":3,""x"":0,""y"":0,""z"":0}",2025-11-15 00:30:50,2025-11-15 00:47:51
140,"{""en-US"":""Protocol Stash"",""zh-CN"":""协议储存箱"",""ja-JP"":""協約貯蔵箱"",""ko-KR"":""프로토콜 저장함"",""zh-TW"":""協議儲存箱""}",storager_nop_1,item_port_storager_1,,"{""en-US"":""A storage facility with several item storage slots. When powered, it can transfer items to the Depot. It can also be used as a point to unload items in the AIC."",""zh-CN"":""拥有数个格子的储物设备，在通电状态下可将其中物品转移至仓库，也可作为物品输出端直接用于工厂内部。"",""ja-JP"":""複数のアイテムを保管できる設備。通電中は、アイテムを倉庫に転送することができる。さらに、直接アイテムを工場へと輸出し、工場内で使用することができる。"",""ko-KR"":""여러 개 칸을 가진 저장 설비로, 전력 공급 상태에서 아이템을 창고로 옮기거나 공장 내부에서 직접 사용할 수 있는 출력 단말기로 활용할 수 있다."",""zh-TW"":""擁有數個格子的儲物設備，在通電狀態下可將其中物品轉移至倉庫，也可作為物品輸出端直接用於工廠內部。""}","{""depth"":3,""height"":4,""width"":3,""x"":0,""y"":0,""z"":0}",2025-11-15 00:30:50,2025-11-15 00:47:51
141,"{""en-US"":""Grinding Unit"",""zh-CN"":""研磨机"",""ja-JP"":""研磨機"",""ko-KR"":""연마기"",""zh-TW"":""研磨機""}",thickener_1,item_port_thickener_1,,"{""en-US"":""A facility that performs fine grinding of powdered materials."",""zh-CN"":""可以对粉末材料进行细致研磨处理的设备。"",""ja-JP"":""粉末材料を細かく研磨加工する機械。"",""ko-KR"":""분말 재료를 세밀하게 연마할 수 있는 설비다."",""zh-TW"":""可以對粉末材料進行細緻研磨處理的設備。""}","{""depth"":4,""height"":5,""width"":6,""x"":0,""y"":0,""z"":0}",2025-11-15 00:30:50,2025-11-15 00:47:51
142,"{""en-US"":""Packaging Unit"",""zh-CN"":""封装机"",""ja-JP"":""包装機"",""ko-KR"":""포장기"",""zh-TW"":""封裝機""}",tools_assebling_mc_1,item_port_tools_asm_mc_1,,"{""en-US"":""A facility for packaging certain power components."",""zh-CN"":""用于封装部分能量元件的设备。"",""ja-JP"":""一部のエネルギー部品を包装するための機械。"",""ko-KR"":""일부 에너지 부품을 포장하는 설비다."",""zh-TW"":""用於封裝部分能量元件的設備。""}","{""depth"":4,""height"":4,""width"":6,""x"":0,""y"":0,""z"":0}",2025-11-15 00:30:50,2025-11-15 00:47:51
143,"{""en-US"":""Zipline Pylon"",""zh-CN"":""滑索架"",""ja-JP"":""ジップライン"",""ko-KR"":""집라인 후크"",""zh-TW"":""滑索架""}",travel_pole_1,item_port_travel_pole_1,,"{""en-US"":""A small zipline facility that can be connected to another zipline facility within an 80-meter radius to create a zipline."",""zh-CN"":""可在80M范围内相连，架起索道的小型设备。"",""ja-JP"":""ジップラインと呼ばれる小型設備。80メートルの範囲まで接続可能。"",""ko-KR"":""80미터 범위 내에서 집라인을 연결할 수 있는 소형 설비다."",""zh-TW"":""可在80m範圍內相連，架起索道的小型設備。""}","{""depth"":3,""height"":7,""width"":3,""x"":0,""y"":0,""z"":0}",2025-11-15 00:30:50,2025-11-15 00:47:52
144,"{""en-US"":""Zipline Tower"",""zh-CN"":""长距滑索架"",""ja-JP"":""長距離ジップライン"",""ko-KR"":""장거리 집라인 후크"",""zh-TW"":""長距滑索架""}",travel_pole_2,item_port_travel_pole_2,,"{""en-US"":""A large zipline facility that can be connected to another zipline facility within a 110-meter radius to create a zipline."",""zh-CN"":""可在110M范围内相连，架起索道的大型设备。"",""ja-JP"":""長距離ジップラインと呼ばれる大型設備。110メートルの範囲まで接続可能。"",""ko-KR"":""110미터 범위 내에서 연결하여 집라인을 설치할 수 있는 대형 설비다."",""zh-TW"":""可在110m範圍內相連，架起索道的大型設備。""}","{""depth"":3,""height"":7,""width"":3,""x"":0,""y"":0,""z"":0}",2025-11-15 00:30:50,2025-11-15 00:47:52
145,"{""en-US"":""Zipline Pylon"",""zh-CN"":""滑索架"",""ja-JP"":""ジップライン"",""ko-KR"":""집라인 후크"",""zh-TW"":""滑索架""}",travel_pole_nop_1,item_port_travel_pole_1,,"{""en-US"":""A small zipline facility that can be connected to another zipline facility within an 80-meter radius to create a zipline."",""zh-CN"":""可在80M范围内相连，架起索道的小型设备。"",""ja-JP"":""ジップラインと呼ばれる小型設備。80メートルの範囲まで接続可能。"",""ko-KR"":""80미터 범위 내에서 집라인을 연결할 수 있는 소형 설비다."",""zh-TW"":""可在80m範圍內相連，架起索道的小型設備。""}","{""depth"":3,""height"":7,""width"":3,""x"":0,""y"":0,""z"":0}",2025-11-15 00:30:50,2025-11-15 00:47:52
146,"{""en-US"":""Bus Unloader"",""zh-CN"":""总线取货口"",""ja-JP"":""バス取出口"",""ko-KR"":""버스 출력 포트"",""zh-TW"":""總線取貨口""}",unloader_1,item_port_unloader_1,,"{""en-US"":""A deployable unloading point that transfers goods from a local depot into the AIC. The Bus Unloader must be placed right next to the AIC Logistics Bus."",""zh-CN"":""可选择物品从当地仓库取出的活动端口，只能贴靠集成输送总线放置。"",""ja-JP"":""アイテムを地域倉庫から取り出すことができる。集成輸送バスに接続して設置することができる。"",""ko-KR"":""아이템을 선택하여 현지 창고에서 꺼낼 수 있는 출력 포트, 통합 운송 버스와 붙여야만 배치할 수 있다."",""zh-TW"":""可選擇物品從當地倉庫取出的移動連接口，只能貼著集成輸送總線放置。""}","{""depth"":1,""height"":3,""width"":3,""x"":0,""y"":0,""z"":0}",2025-11-15 00:30:50,2025-11-15 00:47:52
147,"{""en-US"":""Virtual Fluid Container"",""zh-CN"":""虚拟液体容器"",""ja-JP"":""仮想液体容器"",""ko-KR"":""가상 액체 용기"",""zh-TW"":""虛擬液體容器""}",v_fluid_container_1,,,"{""en-US"":""A container for holding virtual fluids."",""zh-CN"":""世界中的虚拟液体容器"",""ja-JP"":""世界中の仮想液体容器。"",""ko-KR"":""이 세계의 가상 액체 용기다."",""zh-TW"":""世界中的虛擬液體容器""}","{""depth"":1,""height"":1,""width"":1,""x"":0,""y"":0,""z"":0}",2025-11-15 00:30:50,2025-11-15 00:47:52
148,"{""en-US"":""Gearing Unit"",""zh-CN"":""装备原件机"",""ja-JP"":""装備部品加工機"",""ko-KR"":""장비 부품 합성기"",""zh-TW"":""裝備原件機""}",winder_1,item_port_winder_1,,"{""en-US"":""A facility that laminates different materials together to create gear components."",""zh-CN"":""能够将不同材料嵌合加工成装备原件的设备。"",""ja-JP"":""さまざまな材料を組み合わせて、装備部品に加工する機械。"",""ko-KR"":""각기 다른 재료를 가공하고 결합해서 장비 부품으로 만들 수 있는 설비다."",""zh-TW"":""能夠將不同材料嵌合加工成裝備原件的設備。""}","{""depth"":4,""height"":4,""width"":6,""x"":0,""y"":0,""z"":0}",2025-11-15 00:30:50,2025-11-15 00:47:52